Wavelength, Spectrum
339.950650,16.990556
340.328604,27092.654444
340.706518,2094.692778
341.084392,2118.965000
341.462226,2053.430000
341.840021,2038.866667
342.217775,1983.040556
342.595490,2077.702222
342.973165,2012.167222
343.350800,2072.847778
343.728395,2089.838333
344.105950,2118.965000
344.483465,2060.711667
344.860941,2118.965000
345.238376,2135.955556
345.615772,2235.471667
345.993127,2143.237222
346.370443,2201.490556
346.747718,2186.927222
347.124954,2201.490556
347.502150,2216.053889
347.879305,2267.025556
348.256421,2203.917778
348.633497,2284.016111
349.010533,2330.133333
349.387528,2327.706111
349.764484,2325.278889
350.141400,2308.288333
350.518276,2351.978333
350.895111,2337.415000
351.271907,2417.513333
351.648662,2344.696667
352.025378,2427.222222
352.402053,2419.940556
352.778689,2402.950000
353.155284,2371.396111
353.531839,2417.513333
353.908354,2468.485000
354.284829,2444.212778
354.661264,2422.367778
355.037659,2449.067222
355.414014,2449.067222
355.790328,2385.959444
356.166603,2412.658889
356.542837,2441.785556
356.919031,2439.358333
357.295185,2415.086111
357.671299,2432.076667
358.047372,2432.076667
358.423406,2432.076667
358.799399,2473.339444
359.175352,2388.386667
359.551265,2364.114444
359.927137,2364.114444
360.302970,2393.241111
360.678762,2485.475556
361.054514,2439.358333
361.430225,2427.222222
361.805897,2466.057778
362.181528,2451.494444
362.557119,2405.377222
362.932669,2347.123889
363.308180,2419.940556
363.683650,2376.250556
364.059080,2407.804444
364.434469,2432.076667
364.809818,2470.912222
365.185127,2415.086111
365.560396,2466.057778
365.935624,2419.940556
366.310812,2383.532222
366.685959,2427.222222
367.061067,2456.348889
367.436133,2415.086111
367.811160,2361.687222
368.186146,2378.677778
368.561092,2415.086111
368.935997,2376.250556
369.310862,2383.532222
369.685686,2502.466111
370.060470,2361.687222
370.435214,2412.658889
370.809917,2441.785556
371.184580,2393.241111
371.559203,2402.950000
371.933785,2381.105000
372.308326,2451.494444
372.682827,2461.203333
373.057288,2378.677778
373.431708,2432.076667
373.806087,2395.668333
374.180426,2441.785556
374.554725,2417.513333
374.928983,2390.813889
375.303201,2388.386667
375.677378,2407.804444
376.051514,2466.057778
376.425610,2449.067222
376.799666,2419.940556
377.173681,2415.086111
377.547655,2405.377222
377.921589,2429.649444
378.295482,2415.086111
378.669335,2410.231667
379.043147,2378.677778
379.416918,2393.241111
379.790649,2478.193889
380.164339,2451.494444
380.537989,2390.813889
380.911598,2478.193889
381.285166,2436.931111
381.658694,2410.231667
382.032181,2466.057778
382.405627,2473.339444
382.779033,2473.339444
383.152398,2434.503889
383.525723,2473.339444
383.899006,2371.396111
384.272249,2446.640000
384.645452,2475.766667
385.018613,2446.640000
385.391734,2451.494444
385.764815,2415.086111
386.137854,2410.231667
386.510853,2429.649444
386.883811,2444.212778
387.256728,2427.222222
387.629605,2407.804444
388.002440,2458.776111
388.375235,2395.668333
388.747989,2354.405556
389.120703,2390.813889
389.493376,2463.630556
389.866007,2449.067222
390.238598,2446.640000
390.611149,2432.076667
390.983658,2483.048333
391.356126,2490.330000
391.728554,2410.231667
392.100941,2473.339444
392.473287,2422.367778
392.845592,2441.785556
393.217856,2417.513333
393.590080,2415.086111
393.962262,2393.241111
394.334404,2446.640000
394.706505,2519.456667
395.078565,2439.358333
395.450584,2407.804444
395.822562,2427.222222
396.194499,2415.086111
396.566395,2500.038889
396.938250,2395.668333
397.310064,2429.649444
397.681838,2419.940556
398.053570,2500.038889
398.425261,2466.057778
398.796912,2495.184444
399.168521,2502.466111
399.540090,2415.086111
399.911617,2412.658889
400.283103,2429.649444
400.654549,2429.649444
401.025953,2383.532222
401.397316,2500.038889
401.768639,2466.057778
402.139920,2419.940556
402.511160,2487.902778
402.882359,2436.931111
403.253518,2451.494444
403.624635,2400.522778
403.995711,2541.301667
404.366745,2434.503889
404.737739,2453.921667
405.108692,2490.330000
405.479603,2463.630556
405.850474,2422.367778
406.221303,2466.057778
406.592091,2417.513333
406.962838,2407.804444
407.333544,2407.804444
407.704209,2490.330000
408.074833,2453.921667
408.445415,2541.301667
408.815956,2453.921667
409.186456,2419.940556
409.556915,2393.241111
409.927333,2456.348889
410.297709,2432.076667
410.668044,2402.950000
411.038339,2449.067222
411.408591,2461.203333
411.778803,2371.396111
412.148973,2432.076667
412.519102,2466.057778
412.889190,2492.757222
413.259237,2417.513333
413.629242,2410.231667
413.999206,2436.931111
414.369129,2463.630556
414.739010,2461.203333
415.108850,2512.175000
415.478649,2400.522778
415.848407,2415.086111
416.218123,2432.076667
416.587798,2461.203333
416.957431,2330.133333
417.327023,2424.795000
417.696574,2446.640000
418.066083,2451.494444
418.435552,2422.367778
418.804978,2487.902778
419.174364,2398.095556
419.543708,2410.231667
419.913010,2490.330000
420.282271,2461.203333
420.651491,2502.466111
421.020669,2415.086111
421.389806,2453.921667
421.758902,2475.766667
422.127956,2451.494444
422.496968,2470.912222
422.865939,2441.785556
423.234869,2480.621111
423.603757,2492.757222
423.972604,2495.184444
424.341409,2417.513333
424.710173,2490.330000
425.078895,2422.367778
425.447576,2475.766667
425.816215,2483.048333
426.184813,2424.795000
426.553369,2456.348889
426.921883,2427.222222
427.290356,2385.959444
427.658788,2500.038889
428.027178,2500.038889
428.395526,2473.339444
428.763833,2473.339444
429.132098,2466.057778
429.500322,2495.184444
429.868504,2509.747778
430.236644,2378.677778
430.604743,2456.348889
430.972801,2473.339444
431.340816,2381.105000
431.708790,2427.222222
432.076722,2453.921667
432.444613,2463.630556
432.812462,2475.766667
433.180270,2415.086111
433.548035,2497.611667
433.915759,2446.640000
434.283442,2436.931111
434.651082,2449.067222
435.018681,2383.532222
435.386238,2497.611667
435.753754,2424.795000
436.121228,2531.592778
436.488660,2410.231667
436.856050,2485.475556
437.223399,2444.212778
437.590706,2432.076667
437.957971,2553.437778
438.325194,2429.649444
438.692376,2468.485000
439.059516,2563.146667
439.426614,2485.475556
439.793670,2507.320556
440.160684,2419.940556
440.527657,2483.048333
440.894588,2487.902778
441.261476,2449.067222
441.628324,2512.175000
441.995129,2478.193889
442.361892,2432.076667
442.728614,2478.193889
443.095294,2453.921667
443.461932,2504.893333
443.828527,2453.921667
444.195082,2524.311111
444.561594,2478.193889
444.928064,2422.367778
445.294493,2449.067222
445.660879,2490.330000
446.027224,2410.231667
446.393526,2434.503889
446.759787,2451.494444
447.126006,2410.231667
447.492183,2456.348889
447.858318,2497.611667
448.224410,2446.640000
448.590461,2480.621111
448.956470,2468.485000
449.322437,2468.485000
449.688362,2497.611667
450.054245,2497.611667
450.420086,2412.658889
450.785885,2453.921667
451.151642,2376.250556
451.517357,2463.630556
451.883030,2531.592778
452.248661,2509.747778
452.614250,2543.728889
452.979796,2475.766667
453.345301,2466.057778
453.710764,2470.912222
454.076184,2422.367778
454.441563,2483.048333
454.806899,2526.738333
455.172193,2439.358333
455.537445,2538.874444
455.902655,2461.203333
456.267823,2446.640000
456.632949,2434.503889
456.998032,2517.029444
457.363074,2504.893333
457.728073,2461.203333
458.093030,2449.067222
458.457945,2441.785556
458.822818,2512.175000
459.187649,2385.959444
459.552437,2378.677778
459.917183,2497.611667
460.281887,2427.222222
460.646549,2500.038889
461.011169,2461.203333
461.375746,2444.212778
461.740281,2424.795000
462.104774,2483.048333
462.469225,2441.785556
462.833633,2548.583333
463.197999,2480.621111
463.562323,2485.475556
463.926604,2538.874444
464.290844,2514.602222
464.655041,2456.348889
465.019195,2432.076667
465.383308,2478.193889
465.747378,2466.057778
466.111405,2468.485000
466.475391,2483.048333
466.839334,2504.893333
467.203235,2512.175000
467.567093,2424.795000
467.930909,2531.592778
468.294683,2470.912222
468.658414,2512.175000
469.022103,2500.038889
469.385749,2480.621111
469.749353,2427.222222
470.112915,2456.348889
470.476434,2504.893333
470.839911,2466.057778
471.203345,2553.437778
471.566737,2453.921667
471.930087,2449.067222
472.293394,2551.010556
472.656659,2419.940556
473.019881,2458.776111
473.383060,2495.184444
473.746198,2478.193889
474.109292,2480.621111
474.472345,2512.175000
474.835354,2507.320556
475.198322,2347.123889
475.561246,2526.738333
475.924129,2500.038889
476.286968,2417.513333
476.649765,2439.358333
477.012520,2485.475556
477.375232,2487.902778
477.737901,2461.203333
478.100528,2492.757222
478.463113,2444.212778
478.825654,2487.902778
479.188154,2497.611667
479.550610,2509.747778
479.913024,2456.348889
480.275395,2432.076667
480.637724,2531.592778
481.000010,2517.029444
481.362254,2470.912222
481.724455,2439.358333
482.086613,2432.076667
482.448728,2451.494444
482.810801,2507.320556
483.172831,2534.020000
483.534819,2453.921667
483.896764,2451.494444
484.258666,2509.747778
484.620525,2458.776111
484.982342,2521.883889
485.344116,2495.184444
485.705847,2509.747778
486.067536,2500.038889
486.429182,2424.795000
486.790785,2441.785556
487.152345,2424.795000
487.513863,2504.893333
487.875338,2475.766667
488.236770,2451.494444
488.598159,2456.348889
488.959506,2456.348889
489.320809,2458.776111
489.682070,2492.757222
490.043288,2500.038889
490.404464,2507.320556
490.765596,2478.193889
491.126686,2560.719444
491.487732,2436.931111
491.848736,2509.747778
492.209697,2453.921667
492.570616,2483.048333
492.931491,2475.766667
493.292323,2483.048333
493.653113,2480.621111
494.013860,2485.475556
494.374564,2480.621111
494.735224,2487.902778
495.095842,2485.475556
495.456417,2509.747778
495.816950,2502.466111
496.177439,2456.348889
496.537885,2390.813889
496.898288,2419.940556
497.258649,2509.747778
497.618966,2509.747778
497.979241,2560.719444
498.339472,2487.902778
498.699660,2483.048333
499.059806,2427.222222
499.419908,2534.020000
499.779968,2480.621111
500.139984,2526.738333
500.499958,2480.621111
500.859888,2453.921667
501.219775,2478.193889
501.579620,2466.057778
501.939421,2468.485000
502.299179,2543.728889
502.658894,2509.747778
503.018566,2458.776111
503.378195,2555.865000
503.737781,2502.466111
504.097324,2497.611667
504.456824,2538.874444
504.816280,2521.883889
505.175694,2492.757222
505.535064,2500.038889
505.894391,2453.921667
506.253675,2538.874444
506.612916,2495.184444
506.972114,2538.874444
507.331268,2485.475556
507.690380,2475.766667
508.049448,2495.184444
508.408473,2551.010556
508.767455,2475.766667
509.126394,2478.193889
509.485289,2531.592778
509.844141,2473.339444
510.202950,2475.766667
510.561716,2463.630556
510.920439,2478.193889
511.279118,2485.475556
511.637754,2504.893333
511.996347,2546.156111
512.354897,2538.874444
512.713403,2546.156111
513.071866,2463.630556
513.430285,2400.522778
513.788662,2478.193889
514.146995,2553.437778
514.505285,2521.883889
514.863531,2456.348889
515.221734,2609.263889
515.579894,2429.649444
515.938011,2434.503889
516.296084,2509.747778
516.654114,2478.193889
517.012100,2485.475556
517.370043,2536.447222
517.727943,2519.456667
518.085799,2553.437778
518.443612,2468.485000
518.801381,2502.466111
519.159108,2536.447222
519.516790,2480.621111
519.874430,2517.029444
520.232025,2473.339444
520.589578,2485.475556
520.947087,2531.592778
521.304552,2538.874444
521.661974,2584.991667
522.019353,2500.038889
522.376688,2560.719444
522.733980,2495.184444
523.091228,2509.747778
523.448432,2560.719444
523.805594,2538.874444
524.162711,2485.475556
524.519785,2517.029444
524.876816,2490.330000
525.233803,2500.038889
525.590747,2568.001111
525.947647,2497.611667
526.304503,2468.485000
526.661316,2475.766667
527.018085,2534.020000
527.374811,2500.038889
527.731493,2531.592778
528.088132,2492.757222
528.444727,2541.301667
528.801278,2502.466111
529.157786,2427.222222
529.514250,2524.311111
529.870671,2524.311111
530.227047,2504.893333
530.583381,2534.020000
530.939670,2536.447222
531.295916,2487.902778
531.652118,2560.719444
532.008277,2521.883889
532.364392,2502.466111
532.720463,2526.738333
533.076491,2512.175000
533.432475,2490.330000
533.788415,2412.658889
534.144311,2509.747778
534.500164,2473.339444
534.855973,2524.311111
535.211738,2470.912222
535.567460,2568.001111
535.923137,2568.001111
536.278771,2543.728889
536.634362,2449.067222
536.989908,2490.330000
537.345411,2441.785556
537.700870,2451.494444
538.056285,2536.447222
538.411656,2458.776111
538.766983,2466.057778
539.122267,2485.475556
539.477507,2568.001111
539.832703,2580.137222
540.187855,2541.301667
540.542963,2531.592778
540.898028,2517.029444
541.253048,2553.437778
541.608025,2538.874444
541.962958,2524.311111
542.317847,2534.020000
542.672692,2521.883889
543.027493,2517.029444
543.382251,2456.348889
543.736964,2531.592778
544.091633,2502.466111
544.446259,2529.165556
544.800840,2565.573889
545.155378,2512.175000
545.509872,2500.038889
545.864321,2529.165556
546.218727,2461.203333
546.573089,2502.466111
546.927407,2495.184444
547.281681,2597.127778
547.635911,2529.165556
547.990096,2558.292222
548.344238,2514.602222
548.698336,2541.301667
549.052390,2509.747778
549.406400,2524.311111
549.760365,2524.311111
550.114287,2594.700556
550.468165,2543.728889
550.821998,2524.311111
551.175788,2546.156111
551.529533,2536.447222
551.883234,2570.428333
552.236892,2580.137222
552.590505,2570.428333
552.944074,2555.865000
553.297599,2565.573889
553.651079,2558.292222
554.004516,2611.691111
554.357909,2631.108889
554.711257,2531.592778
555.064561,2575.282778
555.417821,2592.273333
555.771037,2521.883889
556.124209,2502.466111
556.477337,2592.273333
556.830420,2584.991667
557.183459,2604.409444
557.536454,2587.418889
557.889405,2645.672222
558.242312,2672.371667
558.595174,2614.118333
558.947992,2740.333889
559.300766,2572.855556
559.653496,2635.963333
560.006181,2599.555000
560.358822,2754.897222
560.711419,2677.226111
561.063972,2628.681667
561.416480,2660.235556
561.768944,2650.526667
562.121364,2699.071111
562.473739,2650.526667
562.826071,2728.197778
563.178357,2672.371667
563.530600,2730.625000
563.882798,2735.479444
564.234952,2750.042778
564.587061,2764.606111
564.939126,2716.061667
565.291147,2813.150556
565.643124,2742.761111
565.995056,2779.169444
566.346943,2849.558889
566.698786,2820.432222
567.050585,2825.286667
567.402340,2801.014444
567.754050,2774.315000
568.105715,2810.723333
568.457336,2902.957778
568.808913,2847.131667
569.160445,2927.230000
569.511933,2859.267778
569.863377,2830.141111
570.214776,2905.385000
570.566130,3012.182778
570.917440,3058.300000
571.268705,2932.084444
571.619926,2995.192222
571.971103,3031.600556
572.322235,3094.708333
572.673322,3070.436111
573.024365,3123.835000
573.375364,3155.388889
573.726318,3152.961667
574.077227,3194.224444
574.428092,3186.942778
574.778912,3301.022222
575.129687,3361.702778
575.480419,3339.857778
575.831105,3250.050556
576.181747,3444.228333
576.532344,3473.355000
576.882897,3497.627222
577.233405,3473.355000
577.583868,3480.636667
577.934287,3587.434444
578.284661,3548.598889
578.634991,3677.241667
578.985276,3796.175556
579.335516,3752.485556
579.685712,3835.011111
580.035863,3849.574444
580.385969,4014.625556
580.736030,4017.052778
581.086047,4024.334444
581.436019,4162.686111
581.785947,4267.056667
582.135829,4301.037778
582.485667,4393.272222
582.835461,4349.582222
583.185209,4504.924444
583.534913,4568.032222
583.884572,4589.877222
584.234186,4713.665556
584.583756,4968.523889
584.933281,4983.087222
585.282761,4922.406667
585.632196,4917.552222
585.981586,5145.711111
586.330932,5281.635556
586.680233,5220.955000
587.029488,5478.240556
587.378700,5412.705556
587.727866,5599.601667
588.076987,5575.329444
588.426064,5703.972222
588.775096,5750.089444
589.124083,5873.877778
589.473025,5796.206667
589.821922,5852.032778
590.170774,5990.384444
590.519581,5900.577222
590.868344,5847.178333
591.217061,5759.798333
591.565734,5742.807778
591.914362,5648.146111
592.262944,5495.231111
592.611482,5531.639444
592.959975,5327.752778
593.308423,5271.926667
593.656826,5048.622222
594.005184,4992.796111
594.353497,4922.406667
594.701765,4718.520000
595.049988,4521.915000
595.398167,4342.300556
595.746300,4313.173889
596.094388,4254.920556
596.442431,4143.268333
596.790429,4038.897778
597.138382,3842.292778
597.486290,3890.837222
597.834153,3769.476111
598.181971,3742.776667
598.529744,3735.495000
598.877471,3611.706667
599.225154,3504.908889
599.572792,3560.735000
599.920384,3534.035556
600.267931,3456.364444
600.615434,3390.829444
600.962891,3342.285000
601.310303,3325.294444
601.657670,3250.050556
602.004992,3293.740556
602.352268,3245.196111
602.699500,3162.670556
603.046686,3233.060000
603.393827,3116.553333
603.740923,3055.872778
604.087974,3026.746111
604.434980,3029.173333
604.781940,2958.783889
605.128856,2905.385000
605.475726,2902.957778
605.822551,2893.248889
606.169330,2866.549444
606.516065,2912.666667
606.862754,2890.821667
607.209398,2827.713889
607.555996,2750.042778
607.902550,2769.460556
608.249058,2764.606111
608.595521,2718.488889
608.941938,2735.479444
609.288311,2745.188333
609.634637,2701.498333
609.980919,2703.925556
610.327156,2730.625000
610.673347,2718.488889
611.019492,2631.108889
611.365593,2652.953889
611.711648,2616.545556
612.057657,2623.827222
612.403622,2633.536111
612.749541,2618.972778
613.095414,2536.447222
613.441243,2606.836667
613.787026,2672.371667
614.132763,2555.865000
614.478455,2568.001111
614.824102,2633.536111
615.169703,2611.691111
615.515259,2541.301667
615.860769,2589.846111
616.206234,2611.691111
616.551654,2618.972778
616.897028,2643.245000
617.242356,2524.311111
617.587639,2563.146667
617.932877,2541.301667
618.278069,2534.020000
618.623216,2570.428333
618.968317,2526.738333
619.313373,2512.175000
619.658383,2543.728889
620.003348,2575.282778
620.348267,2543.728889
620.693140,2662.662778
621.037969,2597.127778
621.382751,2589.846111
621.727488,2575.282778
622.072179,2526.738333
622.416825,2497.611667
622.761426,2592.273333
623.105980,2621.400000
623.450489,2551.010556
623.794953,2555.865000
624.139371,2546.156111
624.483743,2551.010556
624.828070,2507.320556
625.172351,2480.621111
625.516586,2531.592778
625.860776,2555.865000
626.204920,2548.583333
626.549018,2551.010556
626.893071,2558.292222
627.237078,2529.165556
627.581040,2584.991667
627.924955,2490.330000
628.268825,2592.273333
628.612650,2509.747778
628.956428,2558.292222
629.300161,2614.118333
629.643849,2509.747778
629.987490,2551.010556
630.331086,2572.855556
630.674636,2563.146667
631.018140,2599.555000
631.361599,2572.855556
631.705011,2504.893333
632.048378,2565.573889
632.391699,2507.320556
632.734975,2519.456667
633.078204,2536.447222
633.421388,2536.447222
633.764526,2507.320556
634.107618,2555.865000
634.450664,2538.874444
634.793665,2507.320556
635.136619,2541.301667
635.479528,2526.738333
635.822391,2541.301667
636.165208,2509.747778
636.507979,2565.573889
636.850705,2495.184444
637.193384,2555.865000
637.536018,2543.728889
637.878605,2485.475556
638.221147,2531.592778
638.563643,2555.865000
638.906093,2478.193889
639.248497,2526.738333
639.590855,2521.883889
639.933167,2621.400000
640.275433,2521.883889
640.617653,2623.827222
640.959827,2478.193889
641.301956,2490.330000
641.644038,2584.991667
641.986074,2461.203333
642.328064,2507.320556
642.670009,2492.757222
643.011907,2568.001111
643.353759,2502.466111
643.695565,2504.893333
644.037326,2565.573889
644.379040,2587.418889
644.720708,2490.330000
645.062330,2572.855556
645.403906,2526.738333
645.745436,2483.048333
646.086920,2446.640000
646.428357,2485.475556
646.769749,2492.757222
647.111095,2502.466111
647.452394,2524.311111
647.793647,2589.846111
648.134855,2502.466111
648.476016,2485.475556
648.817131,2495.184444
649.158199,2478.193889
649.499222,2548.583333
649.840199,2490.330000
650.181129,2541.301667
650.522013,2575.282778
650.862851,2521.883889
651.203643,2451.494444
651.544389,2432.076667
651.885088,2514.602222
652.225741,2541.301667
652.566348,2504.893333
652.906909,2519.456667
653.247423,2495.184444
653.587892,2497.611667
653.928314,2485.475556
654.268690,2449.067222
654.609019,2529.165556
654.949302,2517.029444
655.289539,2555.865000
655.629730,2526.738333
655.969875,2565.573889
656.309973,2519.456667
656.650024,2570.428333
656.990030,2502.466111
657.329989,2415.086111
657.669902,2483.048333
658.009769,2616.545556
658.349589,2543.728889
658.689363,2504.893333
659.029090,2500.038889
659.368771,2461.203333
659.708406,2475.766667
660.047994,2541.301667
660.387536,2502.466111
660.727032,2461.203333
661.066481,2563.146667
661.405884,2521.883889
661.745240,2514.602222
662.084550,2538.874444
662.423814,2534.020000
662.763031,2546.156111
663.102201,2509.747778
663.441326,2478.193889
663.780403,2519.456667
664.119435,2512.175000
664.458419,2483.048333
664.797358,2524.311111
665.136249,2458.776111
665.475095,2563.146667
665.813894,2616.545556
666.152646,2577.710000
666.491352,2536.447222
666.830011,2453.921667
667.168624,2478.193889
667.507190,2495.184444
667.845710,2485.475556
668.184183,2521.883889
668.522609,2568.001111
668.860989,2487.902778
669.199322,2473.339444
669.537609,2512.175000
669.875849,2519.456667
670.214043,2495.184444
670.552190,2439.358333
670.890290,2436.931111
671.228344,2548.583333
671.566351,2592.273333
671.904312,2512.175000
672.242226,2512.175000
672.580093,2560.719444
672.917913,2509.747778
673.255687,2502.466111
673.593415,2548.583333
673.931095,2495.184444
674.268729,2504.893333
674.606316,2480.621111
674.943857,2485.475556
675.281350,2422.367778
675.618797,2453.921667
675.956198,2551.010556
676.293551,2504.893333
676.630858,2526.738333
676.968118,2504.893333
677.305331,2568.001111
677.642498,2500.038889
677.979618,2551.010556
678.316691,2531.592778
678.653717,2463.630556
678.990696,2504.893333
679.327629,2548.583333
679.664515,2485.475556
680.001354,2519.456667
680.338146,2475.766667
680.674892,2458.776111
681.011590,2524.311111
681.348242,2551.010556
681.684847,2558.292222
682.021405,2536.447222
682.357916,2439.358333
682.694380,2453.921667
683.030798,2407.804444
683.367168,2519.456667
683.703492,2521.883889
684.039768,2531.592778
684.375998,2461.203333
684.712181,2560.719444
685.048317,2509.747778
685.384406,2432.076667
685.720448,2485.475556
686.056443,2446.640000
686.392392,2480.621111
686.728293,2466.057778
687.064147,2509.747778
687.399954,2560.719444
687.735715,2521.883889
688.071428,2485.475556
688.407094,2444.212778
688.742714,2500.038889
689.078286,2509.747778
689.413811,2456.348889
689.749290,2512.175000
690.084721,2495.184444
690.420105,2504.893333
690.755442,2519.456667
691.090732,2517.029444
691.425975,2558.292222
691.761171,2517.029444
692.096320,2526.738333
692.431422,2466.057778
692.766477,2468.485000
693.101485,2529.165556
693.436445,2531.592778
693.771358,2517.029444
694.106225,2526.738333
694.441044,2483.048333
694.775816,2543.728889
695.110541,2480.621111
695.445218,2502.466111
695.779849,2487.902778
696.114432,2495.184444
696.448969,2483.048333
696.783458,2548.583333
697.117900,2427.222222
697.452294,2473.339444
697.786642,2536.447222
698.120942,2524.311111
698.455195,2446.640000
698.789401,2560.719444
699.123559,2509.747778
699.457671,2536.447222
699.791735,2483.048333
700.125752,2439.358333
700.459721,2461.203333
700.793644,2480.621111
701.127519,2449.067222
701.461346,2480.621111
701.795127,2526.738333
702.128860,2514.602222
702.462546,2500.038889
702.796184,2507.320556
703.129776,2485.475556
703.463319,2463.630556
703.796816,2565.573889
704.130265,2500.038889
704.463667,2526.738333
704.797022,2497.611667
705.130329,2461.203333
705.463589,2458.776111
705.796801,2441.785556
706.129966,2551.010556
706.463084,2492.757222
706.796154,2534.020000
707.129177,2487.902778
707.462152,2500.038889
707.795080,2587.418889
708.127960,2572.855556
708.460794,2449.067222
708.793579,2546.156111
709.126317,2461.203333
709.459008,2495.184444
709.791651,2429.649444
710.124247,2517.029444
710.456796,2526.738333
710.789296,2446.640000
711.121750,2429.649444
711.454156,2531.592778
711.786514,2541.301667
712.118825,2536.447222
712.451088,2468.485000
712.783304,2487.902778
713.115472,2548.583333
713.447593,2553.437778
713.779666,2560.719444
714.111691,2551.010556
714.443669,2531.592778
714.775600,2514.602222
715.107482,2521.883889
715.439318,2475.766667
715.771105,2519.456667
716.102845,2422.367778
716.434538,2473.339444
716.766182,2456.348889
717.097780,2526.738333
717.429329,2470.912222
717.760831,2534.020000
718.092285,2485.475556
718.423692,2487.902778
718.755051,2521.883889
719.086362,2558.292222
719.417625,2517.029444
719.748841,2541.301667
720.080009,2463.630556
720.411130,2480.621111
720.742203,2456.348889
721.073228,2521.883889
721.404205,2495.184444
721.735134,2470.912222
722.066016,2509.747778
722.396850,2497.611667
722.727637,2412.658889
723.058375,2473.339444
723.389066,2466.057778
723.719709,2509.747778
724.050304,2502.466111
724.380852,2470.912222
724.711351,2485.475556
725.041803,2517.029444
725.372207,2524.311111
725.702563,2461.203333
726.032872,2490.330000
726.363132,2492.757222
726.693345,2546.156111
727.023510,2439.358333
727.353627,2514.602222
727.683696,2412.658889
728.013717,2538.874444
728.343691,2517.029444
728.673616,2492.757222
729.003494,2405.377222
729.333323,2446.640000
729.663105,2524.311111
729.992839,2458.776111
730.322525,2475.766667
730.652163,2534.020000
730.981753,2468.485000
731.311295,2507.320556
731.640789,2512.175000
731.970236,2444.212778
732.299634,2521.883889
732.628984,2473.339444
732.958286,2560.719444
733.287541,2490.330000
733.616747,2422.367778
733.945905,2509.747778
734.275016,2393.241111
734.604078,2490.330000
734.933092,2500.038889
735.262058,2461.203333
735.590977,2495.184444
735.919847,2466.057778
736.248669,2534.020000
736.577443,2446.640000
736.906169,2558.292222
737.234847,2424.795000
737.563476,2487.902778
737.892058,2478.193889
738.220592,2468.485000
738.549077,2475.766667
738.877514,2519.456667
739.205904,2541.301667
739.534245,2492.757222
739.862538,2419.940556
740.190783,2419.940556
740.518979,2514.602222
740.847128,2534.020000
741.175228,2514.602222
741.503280,2507.320556
741.831284,2478.193889
742.159240,2478.193889
742.487148,2546.156111
742.815007,2502.466111
743.142818,2492.757222
743.470581,2424.795000
743.798296,2565.573889
744.125963,2444.212778
744.453581,2519.456667
744.781151,2466.057778
745.108673,2529.165556
745.436146,2492.757222
745.763571,2534.020000
746.090948,2548.583333
746.418277,2551.010556
746.745557,2529.165556
747.072790,2461.203333
747.399973,2521.883889
747.727109,2480.621111
748.054196,2446.640000
748.381235,2504.893333
748.708225,2563.146667
749.035168,2631.108889
749.362061,2582.564444
749.688907,2507.320556
750.015704,2512.175000
750.342453,2453.921667
750.669153,2492.757222
750.995805,2483.048333
751.322408,2487.902778
751.648964,2417.513333
751.975470,2475.766667
752.301929,2485.475556
752.628338,2514.602222
752.954700,2526.738333
753.281013,2487.902778
753.607278,2487.902778
753.933494,2589.846111
754.259661,2487.902778
754.585781,2517.029444
754.911851,2517.029444
755.237874,2551.010556
755.563847,2432.076667
755.889773,2541.301667
756.215649,2487.902778
756.541478,2458.776111
756.867257,2475.766667
757.192988,2432.076667
757.518671,2470.912222
757.844305,2512.175000
758.169891,2458.776111
758.495428,2434.503889
758.820916,2383.532222
759.146356,2470.912222
759.471747,2466.057778
759.797090,2546.156111
760.122384,2466.057778
760.447630,2514.602222
760.772827,2485.475556
761.097975,2434.503889
761.423075,2536.447222
761.748126,2497.611667
762.073128,2492.757222
762.398082,2444.212778
762.722987,2500.038889
763.047843,2444.212778
763.372651,2531.592778
763.697410,2568.001111
764.022121,2470.912222
764.346783,2422.367778
764.671396,2490.330000
764.995960,2470.912222
765.320476,2490.330000
765.644942,2553.437778
765.969361,2514.602222
766.293730,2461.203333
766.618051,2470.912222
766.942323,2500.038889
767.266546,2483.048333
767.590721,2497.611667
767.914846,2475.766667
768.238923,2509.747778
768.562951,2553.437778
768.886931,2504.893333
769.210861,2449.067222
769.534743,2512.175000
769.858576,2500.038889
770.182360,2507.320556
770.506095,2449.067222
770.829781,2517.029444
771.153419,2456.348889
771.477008,2563.146667
771.800548,2478.193889
772.124039,2507.320556
772.447481,2429.649444
772.770874,2502.466111
773.094218,2512.175000
773.417514,2429.649444
773.740761,2512.175000
774.063958,2492.757222
774.387107,2446.640000
774.710207,2509.747778
775.033258,2463.630556
775.356260,2427.222222
775.679213,2466.057778
776.002117,2458.776111
776.324972,2451.494444
776.647778,2509.747778
776.970535,2502.466111
777.293243,2458.776111
777.615902,2492.757222
777.938513,2451.494444
778.261074,2485.475556
778.583586,2514.602222
778.906049,2526.738333
779.228463,2514.602222
779.550828,2504.893333
779.873144,2492.757222
780.195411,2473.339444
780.517629,2478.193889
780.839798,2555.865000
781.161918,2517.029444
781.483989,2436.931111
781.806010,2466.057778
782.127983,2478.193889
782.449906,2517.029444
782.771781,2473.339444
783.093606,2424.795000
783.415382,2444.212778
783.737109,2483.048333
784.058787,2385.959444
784.380415,2568.001111
784.701995,2485.475556
785.023525,2485.475556
785.345006,2427.222222
785.666438,2500.038889
785.987821,2509.747778
786.309155,2487.902778
786.630439,2458.776111
786.951675,2512.175000
787.272861,2461.203333
787.593997,2495.184444
787.915085,2541.301667
788.236123,2502.466111
788.557113,2475.766667
788.878052,2485.475556
789.198943,2458.776111
789.519784,2524.311111
789.840577,2441.785556
790.161319,2492.757222
790.482013,2473.339444
790.802657,2468.485000
791.123252,2517.029444
791.443798,2446.640000
791.764294,2548.583333
792.084741,2470.912222
792.405139,2541.301667
792.725487,2415.086111
793.045786,2512.175000
793.366036,2475.766667
793.686236,2441.785556
794.006387,2485.475556
794.326488,2470.912222
794.646541,2466.057778
794.966543,2478.193889
795.286497,2495.184444
795.606401,2419.940556
795.926255,2451.494444
796.246060,2521.883889
796.565816,2449.067222
796.885522,2492.757222
797.205179,2444.212778
797.524787,2519.456667
797.844345,2500.038889
798.163853,2483.048333
798.483312,2461.203333
798.802722,2538.874444
799.122082,2509.747778
799.441392,2558.292222
799.760653,2475.766667
800.079865,2456.348889
800.399027,2519.456667
800.718140,2456.348889
801.037203,2451.494444
801.356216,2463.630556
801.675180,2444.212778
801.994094,2495.184444
802.312959,2502.466111
802.631774,2514.602222
802.950540,2461.203333
803.269256,2480.621111
803.587923,2458.776111
803.906540,2456.348889
804.225107,2487.902778
804.543625,2480.621111
804.862093,2466.057778
805.180511,2526.738333
805.498880,2565.573889
805.817199,2507.320556
806.135469,2475.766667
806.453689,2478.193889
806.771859,2444.212778
807.089980,2492.757222
807.408051,2458.776111
807.726072,2517.029444
808.044043,2531.592778
808.361965,2427.222222
808.679837,2480.621111
808.997660,2473.339444
809.315433,2517.029444
809.633156,2441.785556
809.950829,2492.757222
810.268452,2495.184444
810.586026,2514.602222
810.903550,2463.630556
811.221024,2500.038889
811.538449,2500.038889
811.855824,2458.776111
812.173148,2487.902778
812.490424,2548.583333
812.807649,2436.931111
813.124824,2534.020000
813.441950,2400.522778
813.759026,2453.921667
814.076052,2393.241111
814.393028,2458.776111
814.709955,2541.301667
815.026831,2449.067222
815.343658,2456.348889
815.660435,2519.456667
815.977161,2478.193889
816.293838,2553.437778
816.610466,2439.358333
816.927043,2468.485000
817.243570,2427.222222
817.560048,2473.339444
817.876475,2487.902778
818.192853,2473.339444
818.509180,2453.921667
818.825458,2492.757222
819.141686,2529.165556
819.457864,2468.485000
819.773992,2466.057778
820.090070,2427.222222
820.406098,2500.038889
820.722075,2490.330000
821.038003,2424.795000
821.353881,2517.029444
821.669709,2497.611667
821.985487,2548.583333
822.301215,2427.222222
822.616893,2514.602222
822.932521,2410.231667
823.248099,2536.447222
823.563626,2538.874444
823.879104,2439.358333
824.194532,2478.193889
824.509909,2502.466111
824.825237,2487.902778
825.140514,2470.912222
825.455741,2497.611667
825.770919,2453.921667
826.086046,2475.766667
826.401123,2453.921667
826.716150,2461.203333
827.031126,2424.795000
827.346053,2441.785556
827.660929,2473.339444
827.975756,2548.583333
828.290532,2470.912222
828.605258,2490.330000
828.919933,2466.057778
829.234559,2466.057778
829.549134,2485.475556
829.863660,2441.785556
830.178135,2417.513333
830.492559,2560.719444
830.806934,2429.649444
831.121258,2497.611667
831.435532,2456.348889
831.749756,2449.067222
832.063930,2432.076667
832.378053,2512.175000
832.692126,2483.048333
833.006149,2483.048333
833.320122,2483.048333
833.634044,2514.602222
833.947916,2480.621111
834.261738,2504.893333
834.575509,2514.602222
834.889230,2504.893333
835.202901,2497.611667
835.516521,2466.057778
835.830091,2453.921667
836.143611,2463.630556
836.457080,2483.048333
836.770499,2502.466111
837.083868,2478.193889
837.397186,2490.330000
837.710454,2509.747778
838.023672,2495.184444
838.336839,2432.076667
838.649956,2507.320556
838.963022,2538.874444
839.276038,2441.785556
839.589003,2463.630556
839.901918,2524.311111
840.214783,2565.573889
840.527597,2461.203333
840.840361,2475.766667
841.153074,2529.165556
841.465737,2497.611667
841.778349,2424.795000
842.090911,2485.475556
842.403422,2419.940556
842.715883,2519.456667
843.028293,2483.048333
843.340653,2480.621111
843.652962,2468.485000
843.965221,2531.592778
844.277429,2495.184444
844.589587,2553.437778
844.901694,2417.513333
845.213750,2487.902778
845.525756,2432.076667
845.837712,2483.048333
846.149616,2468.485000
846.461471,2424.795000
846.773274,2473.339444
847.085027,2470.912222
847.396730,2485.475556
847.708382,2526.738333
848.019983,2441.785556
848.331533,2461.203333
848.643033,2422.367778
848.954482,2453.921667
849.265881,2507.320556
849.577229,2514.602222
849.888526,2480.621111
850.199773,2470.912222
850.510969,2441.785556
850.822114,2458.776111
851.133209,2473.339444
851.444253,2427.222222
851.755246,2509.747778
852.066188,2524.311111
852.377080,2502.466111
852.687921,2490.330000
852.998711,2449.067222
853.309450,2534.020000
853.620139,2517.029444
853.930777,2461.203333
854.241364,2529.165556
854.551901,2463.630556
854.862386,2468.485000
855.172821,2473.339444
855.483205,2500.038889
855.793538,2398.095556
856.103821,2509.747778
856.414052,2424.795000
856.724233,2514.602222
857.034363,2412.658889
857.344442,2483.048333
857.654470,2470.912222
857.964447,2485.475556
858.274374,2444.212778
858.584249,2490.330000
858.894074,2432.076667
859.203848,2412.658889
859.513571,2468.485000
859.823243,2495.184444
860.132864,2470.912222
860.442434,2441.785556
860.751954,2538.874444
861.061422,2492.757222
861.370839,2541.301667
861.680206,2500.038889
861.989521,2475.766667
862.298786,2534.020000
862.607999,2466.057778
862.917162,2485.475556
863.226274,2436.931111
863.535334,2565.573889
863.844344,2419.940556
864.153302,2449.067222
864.462210,2463.630556
864.771067,2502.466111
865.079872,2507.320556
865.388627,2507.320556
865.697330,2483.048333
866.005982,2407.804444
866.314584,2451.494444
866.623134,2492.757222
866.931633,2458.776111
867.240081,2432.076667
867.548479,2492.757222
867.856825,2543.728889
868.165119,2456.348889
868.473363,2458.776111
868.781556,2441.785556
869.089697,2451.494444
869.397788,2463.630556
869.705827,2419.940556
870.013815,2468.485000
870.321752,2504.893333
870.629638,2456.348889
870.937472,2436.931111
871.245256,2463.630556
871.552988,2502.466111
871.860669,2517.029444
872.168299,2463.630556
872.475877,2517.029444
872.783405,2475.766667
873.090881,2480.621111
873.398306,2497.611667
873.705680,2446.640000
874.013002,2546.156111
874.320274,2526.738333
874.627494,2466.057778
874.934662,2444.212778
875.241780,2492.757222
875.548846,2492.757222
875.855861,2463.630556
876.162825,2434.503889
876.469737,2480.621111
876.776598,2500.038889
877.083408,2451.494444
877.390166,2504.893333
877.696873,2466.057778
878.003529,2529.165556
878.310133,2500.038889
878.616686,2446.640000
878.923188,2429.649444
879.229638,2580.137222
879.536037,2456.348889
879.842384,2466.057778
880.148681,2400.522778
880.454925,2487.902778
880.761119,2538.874444
881.067261,2468.485000
881.373351,2487.902778
881.679390,2512.175000
881.985378,2444.212778
882.291314,2470.912222
882.597199,2458.776111
882.903032,2546.156111
883.208814,2466.057778
883.514544,2456.348889
883.820223,2456.348889
884.125851,2444.212778
884.431426,2483.048333
884.736951,2517.029444
885.042424,2434.503889
885.347845,2526.738333
885.653215,2461.203333
885.958533,2514.602222
886.263800,2458.776111
886.569015,2621.400000
886.874179,2483.048333
887.179291,2524.311111
887.484352,2415.086111
887.789361,2478.193889
888.094318,2400.522778
888.399224,2466.057778
888.704078,2405.377222
889.008881,2509.747778
889.313632,2385.959444
889.618332,2424.795000
889.922979,2473.339444
890.227575,2466.057778
890.532120,2495.184444
890.836613,2509.747778
891.141054,2451.494444
891.445444,2504.893333
891.749782,2468.485000
892.054068,2424.795000
892.358302,2519.456667
892.662485,2480.621111
892.966616,2565.573889
893.270696,2483.048333
893.574723,2402.950000
893.878699,2466.057778
894.182624,2451.494444
894.486496,2415.086111
894.790317,2466.057778
895.094086,2480.621111
895.397803,2502.466111
895.701469,2461.203333
896.005083,2441.785556
896.308645,2468.485000
896.612155,2475.766667
896.915613,2432.076667
897.219020,2451.494444
897.522375,2485.475556
897.825678,2531.592778
898.128929,2439.358333
898.432128,2451.494444
898.735276,2475.766667
899.038371,2521.883889
899.341415,2490.330000
899.644407,2444.212778
899.947347,2475.766667
900.250235,2497.611667
900.553071,2475.766667
900.855856,2466.057778
901.158588,2446.640000
901.461269,2507.320556
901.763898,2410.231667
902.066474,2449.067222
902.368999,2531.592778
902.671472,2468.485000
902.973893,2473.339444
903.276262,2512.175000
903.578579,2468.485000
903.880844,2402.950000
904.183058,2439.358333
904.485219,2417.513333
904.787328,2480.621111
905.089385,2483.048333
905.391390,2461.203333
905.693343,2560.719444
905.995245,2478.193889
906.297094,2490.330000
906.598891,2490.330000
906.900636,2490.330000
907.202329,2470.912222
907.503970,2468.485000
907.805559,2475.766667
908.107096,2514.602222
908.408580,2485.475556
908.710013,2466.057778
909.011394,2492.757222
909.312722,2497.611667
909.613999,2512.175000
909.915223,2449.067222
910.216395,2497.611667
910.517515,2466.057778
910.818583,2483.048333
911.119599,2436.931111
911.420563,2429.649444
911.721474,2444.212778
912.022333,2502.466111
912.323141,2407.804444
912.623896,2521.883889
912.924598,2526.738333
913.225249,2534.020000
913.525847,2470.912222
913.826394,2458.776111
914.126888,2461.203333
914.427329,2453.921667
914.727719,2521.883889
915.028056,2446.640000
915.328341,2458.776111
915.628574,2470.912222
915.928755,2466.057778
916.228883,2402.950000
916.528959,2385.959444
916.828983,2497.611667
917.128954,2412.658889
917.428873,2424.795000
917.728740,2485.475556
918.028555,2534.020000
918.328317,2487.902778
918.628027,2470.912222
918.927684,2504.893333
919.227290,2478.193889
919.526842,2463.630556
919.826343,2439.358333
920.125791,2446.640000
920.425187,2517.029444
920.724530,2473.339444
921.023821,2495.184444
921.323060,2424.795000
921.622246,2512.175000
921.921380,2473.339444
922.220462,2475.766667
922.519491,2390.813889
922.818467,2461.203333
923.117391,2495.184444
923.416263,2495.184444
923.715082,2487.902778
924.013849,2458.776111
924.312564,2504.893333
924.611226,2424.795000
924.909835,2502.466111
925.208392,2512.175000
925.506896,2371.396111
925.805348,2546.156111
926.103748,2475.766667
926.402095,2504.893333
926.700389,2446.640000
926.998631,2463.630556
927.296820,2492.757222
927.594957,2419.940556
927.893041,2521.883889
928.191073,2468.485000
928.489052,2529.165556
928.786978,2451.494444
929.084852,2483.048333
929.382674,2495.184444
929.680442,2390.813889
929.978159,2524.311111
930.275822,2470.912222
930.573433,2485.475556
930.870991,2400.522778
931.168497,2463.630556
931.465950,2366.541667
931.763350,2490.330000
932.060698,2502.466111
932.357993,2444.212778
932.655236,2490.330000
932.952425,2524.311111
933.249562,2436.931111
933.546647,2509.747778
933.843678,2402.950000
934.140657,2446.640000
934.437584,2478.193889
934.734457,2512.175000
935.031278,2509.747778
935.328046,2436.931111
935.624761,2434.503889
935.921424,2473.339444
936.218033,2470.912222
936.514590,2480.621111
936.811095,2463.630556
937.107546,2417.513333
937.403945,2436.931111
937.700291,2504.893333
937.996584,2519.456667
938.292824,2480.621111
938.589012,2400.522778
938.885146,2458.776111
939.181228,2400.522778
939.477257,2412.658889
939.773233,2538.874444
940.069156,2410.231667
940.365027,2395.668333
940.660844,2478.193889
940.956609,2480.621111
941.252321,2495.184444
941.547980,2434.503889
941.843586,2446.640000
942.139139,2487.902778
942.434639,2436.931111
942.730086,2473.339444
943.025480,2378.677778
943.320822,2429.649444
943.616110,2453.921667
943.911346,2453.921667
944.206528,2432.076667
944.501658,2415.086111
944.796735,2424.795000
945.091758,2436.931111
945.386729,2548.583333
945.681646,2451.494444
945.976511,2500.038889
946.271323,2529.165556
946.566081,2449.067222
946.860787,2534.020000
947.155440,2412.658889
947.450039,2461.203333
947.744586,2412.658889
948.039079,2502.466111
948.333519,2492.757222
948.627907,2475.766667
948.922241,2500.038889
949.216522,2509.747778
949.510750,2495.184444
949.804925,2485.475556
950.099047,2478.193889
950.393116,2441.785556
950.687131,2461.203333
950.981094,2458.776111
951.275003,2517.029444
951.568860,2531.592778
951.862663,2466.057778
952.156413,2485.475556
952.450109,2434.503889
952.743753,2458.776111
953.037343,2509.747778
953.330881,2512.175000
953.624365,2449.067222
953.917796,2461.203333
954.211173,2453.921667
954.504498,2475.766667
954.797769,2495.184444
955.090987,2453.921667
955.384152,2446.640000
955.677263,2446.640000
955.970321,2381.105000
956.263326,2512.175000
956.556278,2509.747778
956.849177,2453.921667
957.142022,2473.339444
957.434814,2468.485000
957.727552,2461.203333
958.020237,2466.057778
958.312869,2427.222222
958.605448,2466.057778
958.897973,2439.358333
959.190445,2475.766667
959.482864,2473.339444
959.775229,2429.649444
960.067541,2497.611667
960.359800,2468.485000
960.652005,2526.738333
960.944157,2407.804444
961.236256,2434.503889
961.528301,2410.231667
961.820292,2468.485000
962.112231,2410.231667
962.404116,2473.339444
962.695947,2402.950000
962.987725,2444.212778
963.279450,2453.921667
963.571121,2487.902778
963.862738,2529.165556
964.154303,2485.475556
964.445813,2490.330000
964.737271,2446.640000
965.028675,2444.212778
965.320025,2427.222222
965.611322,2478.193889
965.902565,2441.785556
966.193755,2468.485000
966.484891,2436.931111
966.775974,2570.428333
967.067003,2478.193889
967.357979,2446.640000
967.648901,2444.212778
967.939770,2351.978333
968.230585,2495.184444
968.521347,2473.339444
968.812054,2424.795000
969.102709,2548.583333
969.393310,2502.466111
969.683857,2390.813889
969.974350,2461.203333
970.264790,2466.057778
970.555177,2470.912222
970.845509,2490.330000
971.135788,2444.212778
971.426014,2441.785556
971.716186,2502.466111
972.006304,2436.931111
972.296368,2466.057778
972.586379,2427.222222
972.876336,2417.513333
973.166240,2427.222222
973.456089,2458.776111
973.745885,2517.029444
974.035628,2458.776111
974.325316,2487.902778
974.614951,2497.611667
974.904532,2439.358333
975.194060,2483.048333
975.483533,2434.503889
975.772953,2419.940556
976.062320,2434.503889
976.351632,2439.358333
976.640891,2451.494444
976.930095,2402.950000
977.219247,2458.776111
977.508344,2432.076667
977.797387,2526.738333
978.086377,2504.893333
978.375313,2393.241111
978.664195,2376.250556
978.953023,2422.367778
979.241797,2429.649444
979.530518,2546.156111
979.819184,2485.475556
980.107797,2427.222222
980.396356,2466.057778
980.684861,2458.776111
980.973312,2468.485000
981.261710,2439.358333
981.550053,2415.086111
981.838342,2434.503889
982.126578,2468.485000
982.414760,2449.067222
982.702887,2521.883889
982.990961,2432.076667
983.278981,2407.804444
983.566947,2429.649444
983.854859,2381.105000
984.142717,2470.912222
984.430521,2466.057778
984.718271,2449.067222
985.005967,2444.212778
985.293609,2453.921667
985.581197,2470.912222
985.868731,2492.757222
986.156211,2444.212778
986.443637,2466.057778
986.731009,2456.348889
987.018327,2475.766667
987.305590,2398.095556
987.592800,2407.804444
987.879956,2492.757222
988.167058,2502.466111
988.454105,2487.902778
988.741099,2405.377222
989.028038,2468.485000
989.314923,2422.367778
989.601755,2485.475556
989.888532,2424.795000
990.175255,2480.621111
990.461924,2492.757222
990.748538,2398.095556
991.035099,2507.320556
991.321605,2446.640000
991.608058,2441.785556
991.894456,2490.330000
992.180800,2449.067222
992.467090,2458.776111
992.753325,2473.339444
993.039507,2422.367778
993.325634,2441.785556
993.611707,2449.067222
993.897726,2478.193889
994.183690,2422.367778
994.469600,2344.696667
994.755457,2485.475556
995.041258,2536.447222
995.327006,2463.630556
995.612699,2441.785556
995.898338,2568.001111
996.183923,2570.428333
996.469454,2468.485000
996.754930,2509.747778
997.040352,2470.912222
997.325720,2451.494444
997.611033,2480.621111
997.896292,2415.086111
998.181497,2441.785556
998.466647,2427.222222
998.751743,2373.823333
999.036785,2495.184444
999.321772,2480.621111
999.606705,2422.367778
999.891583,2483.048333
1000.176408,2490.330000
1000.461177,2449.067222
1000.745893,2422.367778
1001.030554,2456.348889
1001.315160,2432.076667
1001.599713,2446.640000
1001.884210,2444.212778
1002.168654,2441.785556
1002.453043,2400.522778
1002.737377,2529.165556
1003.021657,2468.485000
1003.305883,2456.348889
1003.590054,2500.038889
1003.874170,2449.067222
1004.158233,2446.640000
1004.442240,2526.738333
1004.726193,2473.339444
1005.010092,2495.184444
1005.293936,2415.086111
1005.577726,2415.086111
1005.861461,2468.485000
1006.145142,2451.494444
1006.428768,2468.485000
1006.712339,2480.621111
1006.995856,2398.095556
1007.279318,2415.086111
1007.562726,2451.494444
1007.846079,2463.630556
1008.129378,2500.038889
1008.412622,2478.193889
1008.695812,2495.184444
1008.978947,2417.513333
1009.262027,2480.621111
1009.545052,2466.057778
1009.828023,2410.231667
1010.110940,2458.776111
1010.393802,2546.156111
1010.676609,2538.874444
1010.959361,2453.921667
1011.242059,2439.358333
1011.524702,2483.048333
1011.807290,2478.193889
1012.089824,2485.475556
1012.372303,2446.640000
1012.654727,2444.212778
1012.937097,2519.456667
1013.219412,2531.592778
1013.501672,2492.757222
1013.783878,2449.067222
1014.066028,2461.203333
1014.348124,2534.020000
1014.630166,2500.038889
1014.912152,2500.038889
1015.194084,2444.212778
1015.475961,2461.203333
1015.757783,2478.193889
1016.039550,2466.057778
1016.321263,2470.912222
1016.602921,2446.640000
1016.884523,2480.621111
1017.166072,2405.377222
1017.447565,2507.320556
1017.729003,2427.222222
1018.010387,2483.048333
1018.291716,2524.311111
1018.572990,2441.785556
1018.854209,2521.883889
1019.135373,2424.795000
1019.416482,2424.795000
1019.697537,2424.795000
